{
  "attendance": [
    {
      "id": 1,
      "name": "Alice",
      "action": "checkin",
      "time": "2025-05-31 09:00"
    },
    {
      "id": 2,
      "name": "Bob",
      "action": "checkout",
      "time": "2025-05-31 17:00"
    },
    {
      "id": "7900",
      "employeeId": "854785",
      "date": "2025-06-03",
      "checkIn": "2025-06-03T03:02:43.843Z",
      "status": "present",
      "checkOut": "2025-06-03T03:02:47.588Z",
      "workingHours": "0 hours 0 minutes"
    },
    {
      "id": "c377",
      "employeeId": "785412",
      "date": "2025-06-03",
      "checkIn": "2025-06-03T03:07:00.338Z",
      "status": "present",
      "checkOut": "2025-06-03T03:10:06.612Z",
      "workingHours": "0 hours 3 minutes"
    }
  ],
  "employees": [
    {
      "id": "b927",
      "name": "srinivas",
      "email": "srinivasguptha@gmail.com",
      "employeeId": "854785",
      "department": "IT",
      "position": "Manager",
      "password": "srinivas",
      "confirmPassword": "srinivas"
    },
    {
      "id": "8d8f",
      "name": "xsdcfvbghn",
      "email": "frgthyjuk@gmail.com",
      "employeeId": "785412",
      "department": "HR",
      "position": "HR",
      "password": "srinivas",
      "confirmPassword": "srinivas"
    }
  ]
}